date	yield	spread	price
24-Apr-07	93.24	107.57	07.57
25-Apr-07	95.35	107.37	07.37
26-Apr-07	98.84	109.47	09.47
27-Apr-07	99.92	100.07	10.07
30-Apr-07	99.80	101.97	11.97
1-May-07	99.477	103.5	13.5
2-May-07	100.37	102.8	12.8
3-May-07	100.47	100.6	10.6
4-May-07	100.87	103.6	13.6
7-May-07	103.97	104.3	14.3
8-May-07	105.07	108.7	18.7
9-May-07	106.87	101.17	21.17
10-May-07	107.37	108.47	18.47
11-May-07	108.77	101.37	21.37
14-May-07	109.37	102.67	22.67
15-May-07	107.57	103.67	23.67
16-May-07	107.37	104.07	24.07
17-May-07	109.47	104.47	24.47
18-May-07	110.07	100.17	20.17
21-May-07	111.97	100.37	20.37
22-May-07	113.5	107.57	17.57
23-May-07	112.8	108.77	18.77
24-May-07	110.6	100.57	20.57
25-May-07	113.6	105.07	25.07
29-May-07	114.3	103.67	23.67
30-May-07	118.7	101.57	21.57
31-May-07	121.17	103.9	23.9
1-Jun-07	118.47	103.0	23.0
4-Jun-07	121.37	102.3	22.3
5-Jun-07	122.67	109.6	19.6
6-Jun-07	123.67	101.8	21.8
7-Jun-07	124.07	100.57	20.57
8-Jun-07	124.47	102.07	22.07
11-Jun-07	120.17	101.27	21.27
12-Jun-07	120.37	107.17	27.17
13-Jun-07	117.57	102.77	32.77
14-Jun-07	118.77	102.37	32.37
15-Jun-07	120.57	100.37	30.37
18-Jun-07	125.07	102.37	32.37
19-Jun-07	123.67	102.37	32.37
20-Jun-07	121.57	104.07	34.07
21-Jun-07	123.9	107.77	37.77
22-Jun-07	123.0	108.17	38.17
25-Jun-07	122.3	108.97	38.97
26-Jun-07	119.6	108.17	38.17
27-Jun-07	121.8	100.07	40.07
28-Jun-07	120.57	103.77	43.77
29-Jun-07	122.07	103.7	43.7
2-Jul-07	121.27	104.8	34.8
3-Jul-07	127.17	107.2	37.2
5-Jul-07	132.77	106.0	46.0
6-Jul-07	132.37	103.8	43.8
9-Jul-07	130.37	101.4	41.4
10-Jul-07	132.37	101.7	31.7
11-Jul-07	132.37	105.07	35.07
12-Jul-07	134.07	106.47	36.47
13-Jul-07	137.77	101.87	31.87
16-Jul-07	138.17	105.27	35.27
17-Jul-07	138.97	105.07	35.07
18-Jul-07	138.17	104.07	34.07
19-Jul-07	140.07	106.37	26.37
20-Jul-07	143.77	105.07	25.07
23-Jul-07	143.7	107.77	27.77
24-Jul-07	134.8	104.07	24.07
25-Jul-07	137.2	109.97	19.97
26-Jul-07	146.0	107.07	17.07
27-Jul-07	143.8	102.07	22.07
30-Jul-07	141.4	102.27	22.27
31-Jul-07	131.7	107.57	27.57
1-Aug-07	135.07	102.57	32.57
2-Aug-07	136.47	101.0	31.0
3-Aug-07	131.87	105.3	35.3
6-Aug-07	135.27	102.2	32.2
7-Aug-07	135.07	106.8	26.8
8-Aug-07	134.07	104.07	34.07
9-Aug-07	126.37	106.27	36.27
10-Aug-07	125.07	108.47	38.47
13-Aug-07	127.77	104.17	44.17
14-Aug-07	124.07	106.77	36.77
15-Aug-07	119.97	105.07	35.07
16-Aug-07	117.07	101.77	31.77
17-Aug-07	122.07	106.77	36.77
20-Aug-07	122.27	105.47	35.47
21-Aug-07	127.57	106.87	36.87
22-Aug-07	132.57	107.27	37.27
23-Aug-07	131.0	108.87	38.87
24-Aug-07	135.3	108.47	38.47
27-Aug-07	132.2	100.97	40.97
28-Aug-07	126.8	100.77	40.77
29-Aug-07	134.07	100.3	40.3
30-Aug-07	136.27	104.1	44.1
31-Aug-07	138.47	108.2	48.2
4-Sep-07	144.17	103.1	53.1
5-Sep-07	136.77	102.7	52.7
6-Sep-07	135.07	104.5	54.5
7-Sep-07	131.77	103.4	53.4
10-Sep-07	136.77	106.37	56.37
11-Sep-07	135.47	108.47	58.47
12-Sep-07	136.87	107.97	57.97
13-Sep-07	137.27	106.27	56.27
14-Sep-07	138.87	101.47	61.47
17-Sep-07	138.47	107.97	67.97
18-Sep-07	140.97	107.87	67.87
19-Sep-07	140.77	106.77	66.77
20-Sep-07	140.3	102.27	62.27
21-Sep-07	144.1	107.27	67.27
24-Sep-07	148.2	106.97	66.97
25-Sep-07	153.1	109.57	69.57
26-Sep-07	152.7	102.77	72.77
27-Sep-07	154.5	103.57	73.57
28-Sep-07	153.4	100.47	70.47
1-Oct-07	156.37	104.37	74.37
2-Oct-07	158.47	106.1	86.1
3-Oct-07	157.97	105.9	85.9
4-Oct-07	156.27	102.7	82.7
5-Oct-07	161.47	104.7	84.7
8-Oct-07	167.97	105.0	85.0
9-Oct-07	167.87	107.0	87.0
10-Oct-07	166.77	109.9	89.9
11-Oct-07	162.27	107.47	87.47
12-Oct-07	167.27	107.87	87.87
15-Oct-07	166.97	106.17	86.17
16-Oct-07	169.57	101.77	91.77
17-Oct-07	172.77	106.37	86.37
18-Oct-07	173.57	105.47	75.47
19-Oct-07	170.47	105.37	65.37
22-Oct-07	174.37	103.77	53.77
23-Oct-07	186.1	109.97	69.97
24-Oct-07	185.9	106.17	66.17
25-Oct-07	182.7	104.37	64.37
26-Oct-07	184.7	106.37	66.37
29-Oct-07	185.0	103.97	63.97
30-Oct-07	187.0	108.87	68.87
31-Oct-07	189.9	108.4	68.4
1-Nov-07	187.47	101.5	71.5
2-Nov-07	187.87	102.5	72.5
5-Nov-07	186.17	104.8	74.8
6-Nov-07	191.77	100.2	80.2
7-Nov-07	186.37	104.27	84.27
8-Nov-07	175.47	102.27	82.27
9-Nov-07	165.37	108.87	78.87
12-Nov-07	153.77	109.87	79.87
13-Nov-07	169.97	105.57	85.57
14-Nov-07	166.17	109.97	89.97
15-Nov-07	164.37	104.37	94.37
16-Nov-07	166.37	104.27	94.27
19-Nov-07	163.97	108.57	88.57
20-Nov-07	168.87	100.87	90.87
21-Nov-07	168.4	101.87	91.87
23-Nov-07	171.5	100.37	90.37
26-Nov-07	172.5	104.47	84.47
27-Nov-07	174.8	102.97	82.97
28-Nov-07	180.2	103.17	83.17
29-Nov-07	184.27	107.2	87.2
30-Nov-07	182.27	103.9	93.9
3-Dec-07	178.87	108.8	98.8
4-Dec-07	179.87	108.9	98.9
5-Dec-07	185.57	108.5	98.5
6-Dec-07	189.97	109.8	99.8
7-Dec-07	194.37	108.08	98.08
10-Dec-07	194.27	104.88	94.88
11-Dec-07	188.57	104.98	94.98
12-Dec-07	190.87	100.08	80.08
13-Dec-07	191.87	107.68	77.68
14-Dec-07	190.37	101.28	71.28
17-Dec-07	184.47	109.48	79.48
18-Dec-07	182.97	108.08	78.08
19-Dec-07	183.17	102.68	72.68
20-Dec-07	187.2	108.78	78.78
21-Dec-07	193.9	109.08	69.08
24-Dec-07	198.8	109.68	59.68
26-Dec-07	198.9	100.88	60.88
27-Dec-07	198.5	101.38	61.38
28-Dec-07	199.8	105.68	55.68
31-Dec-07	198.08	109.0	39.0
2-Jan-08	194.88	105.6	35.6
3-Jan-08	194.98	100.0	30.0
4-Jan-08	180.08	100.0	30.0
7-Jan-08	177.68	101.5	31.5
8-Jan-08	171.28	102.1	32.1
9-Jan-08	179.48	105.38	35.38
10-Jan-08	178.08	103.78	33.78
11-Jan-08	172.68	101.68	31.68
14-Jan-08	178.78	109.38	29.38
15-Jan-08	169.08	102.08	22.08
16-Jan-08	159.68	101.28	21.28
17-Jan-08	160.88	105.48	25.48
18-Jan-08	161.38	109.48	29.48
22-Jan-08	155.68	104.88	24.88
23-Jan-08	139.0	109.48	29.48
24-Jan-08	135.6	107.48	27.48
25-Jan-08	130.0	104.68	24.68
28-Jan-08	130.0	102.18	22.18
29-Jan-08	131.5	103.88	23.88
30-Jan-08	132.1	101.5	21.5
31-Jan-08	135.38	109.4	19.4
1-Feb-08	133.78	109.7	19.7
4-Feb-08	131.68	109.1	19.1
5-Feb-08	129.38	102.9	22.9
6-Feb-08	122.08	109.98	29.98
7-Feb-08	121.28	105.08	25.08
8-Feb-08	125.48	101.78	21.78
11-Feb-08	129.48	104.68	24.68
12-Feb-08	124.88	104.48	24.48
13-Feb-08	129.48	100.98	20.98
14-Feb-08	127.48	102.28	22.28
15-Feb-08	124.68	109.68	19.68
19-Feb-08	122.18	107.38	27.38
20-Feb-08	123.88	106.08	26.08
21-Feb-08	121.5	107.98	27.98
22-Feb-08	119.4	106.68	26.68
25-Feb-08	119.7	106.78	26.78
26-Feb-08	119.1	102.88	32.88
27-Feb-08	122.9	109.68	29.68
28-Feb-08	129.98	103.2	33.2
29-Feb-08	125.08	109.5	39.5
3-Mar-08	121.78	100.9	40.9
4-Mar-08	124.68	105.0	45.0
5-Mar-08	124.48	100.2	40.2
6-Mar-08	120.98	103.0	43.0
7-Mar-08	122.28	103.5	43.5
10-Mar-08	119.68	109.58	49.58
11-Mar-08	127.38	107.48	47.48
12-Mar-08	126.08	101.68	51.68
13-Mar-08	127.98	103.08	53.08
14-Mar-08	126.68	105.88	55.88
17-Mar-08	126.78	102.88	52.88
18-Mar-08	132.88	101.48	51.48
19-Mar-08	129.68	104.58	54.58
20-Mar-08	133.2	107.18	47.18
24-Mar-08	139.5	107.78	47.78
25-Mar-08	140.9	108.38	48.38
26-Mar-08	145.0	103.78	53.78
27-Mar-08	140.2	104.48	54.48
28-Mar-08	143.0	101.08	61.08
31-Mar-08	143.5	108.18	68.18
1-Apr-08	149.58	100.2	60.2
2-Apr-08	147.48	102.8	62.8
3-Apr-08	151.68	108.9	68.9
4-Apr-08	153.08	109.7	69.7
7-Apr-08	155.88	102.2	72.2
8-Apr-08	152.88	105.0	75.0
9-Apr-08	151.48	103.9	73.9
10-Apr-08	154.58	100.08	80.08
11-Apr-08	147.18	100.98	80.98
14-Apr-08	147.78	104.78	84.78
15-Apr-08	148.38	106.68	86.68
16-Apr-08	153.78	102.58	82.58
17-Apr-08	154.48	105.08	85.08
18-Apr-08	161.08	103.48	83.48
21-Apr-08	168.18	108.18	88.18
22-Apr-08	160.2	109.98	89.98
23-Apr-08	162.8	106.28	86.28
24-Apr-08	168.9	109.78	89.78
25-Apr-08	169.7	107.68	87.68
28-Apr-08	172.2	103.68	83.68
29-Apr-08	175.0	105.98	85.98
30-Apr-08	173.9	108.1	78.1
1-May-08	180.08	107.0	77.0
2-May-08	180.98	101.1	81.1
5-May-08	184.78	106.4	86.4
6-May-08	186.68	107.0	87.0
7-May-08	182.58	106.6	86.6
8-May-08	185.08	108.78	88.78
9-May-08	183.48	106.18	86.18
12-May-08	188.18	105.38	85.38
13-May-08	189.98	105.18	85.18
14-May-08	186.28	109.48	89.48
15-May-08	189.78	105.68	85.68
16-May-08	187.68	101.68	81.68
19-May-08	183.68	105.68	85.68
20-May-08	185.98	100.88	80.88
21-May-08	178.1	103.28	73.28
22-May-08	177.0	102.38	72.38
23-May-08	181.1	106.88	76.88
27-May-08	186.4	101.48	81.48
28-May-08	187.0	108.78	78.78
29-May-08	186.6	100.98	80.98
30-May-08	188.78	105.2	75.2
2-Jun-08	186.18	103.1	73.1
3-Jun-08	185.38	103.2	73.2
4-Jun-08	185.18	107.3	77.3
5-Jun-08	189.48	108.2	68.2
6-Jun-08	185.68	100.0	70.0
9-Jun-08	181.68	107.48	67.48
10-Jun-08	185.68	104.68	74.68
11-Jun-08	180.88	108.18	68.18
12-Jun-08	173.28	100.18	70.18
13-Jun-08	172.38	105.18	75.18
16-Jun-08	176.88	109.58	79.58
17-Jun-08	181.48	104.28	74.28
18-Jun-08	178.78	106.68	76.68
19-Jun-08	180.98	102.58	72.58
20-Jun-08	175.2	103.88	73.88
23-Jun-08	173.1	109.68	69.68
24-Jun-08	173.2	102.88	72.88
25-Jun-08	177.3	101.88	71.88
26-Jun-08	168.2	105.18	65.18
27-Jun-08	170.0	106.28	66.28
30-Jun-08	167.48	102.08	62.08
1-Jul-08	174.68	106.2	66.2
2-Jul-08	168.18	109.0	59.0
3-Jul-08	170.18	102.1	62.1
7-Jul-08	175.18	104.4	54.4
8-Jul-08	179.58	107.0	57.0
9-Jul-08	174.28	109.8	59.8
10-Jul-08	176.68	108.98	58.98
11-Jul-08	172.58	106.68	56.68
14-Jul-08	173.88	103.28	53.28
15-Jul-08	169.68	100.68	60.68
16-Jul-08	172.88	104.18	64.18
17-Jul-08	171.88	103.58	63.58
18-Jul-08	165.18	109.58	69.58
21-Jul-08	166.28	103.58	73.58
22-Jul-08	162.08	106.78	76.78
23-Jul-08	166.2	109.38	79.38
24-Jul-08	159.0	109.38	79.38
25-Jul-08	162.1	105.78	75.78
28-Jul-08	154.4	105.38	75.38
29-Jul-08	157.0	103.58	73.58
30-Jul-08	159.8	105.88	75.88
31-Jul-08	158.98	104.2	74.2
1-Aug-08	156.68	106.7	76.7
4-Aug-08	153.28	102.5	72.5
5-Aug-08	160.68	103.6	73.6
6-Aug-08	164.18	104.6	74.6
7-Aug-08	163.58	103.7	73.7
8-Aug-08	169.58	109.58	69.58
11-Aug-08	173.58	106.18	66.18
12-Aug-08	176.78	106.98	66.98
13-Aug-08	179.38	101.28	61.28
14-Aug-08	179.38	100.18	60.18
15-Aug-08	175.78	107.98	57.98
18-Aug-08	175.38	101.68	51.68
19-Aug-08	173.58	101.68	51.68
20-Aug-08	175.88	102.68	52.68
21-Aug-08	174.2	108.98	48.98
22-Aug-08	176.7	100.38	40.38
25-Aug-08	172.5	109.88	39.88
26-Aug-08	173.6	107.88	27.88
27-Aug-08	174.6	104.08	34.08
28-Aug-08	173.7	100.98	40.98
29-Aug-08	169.58	101.0	31.0
2-Sep-08	166.18	106.8	26.8
3-Sep-08	166.98	108.7	28.7
4-Sep-08	161.28	101.9	31.9
5-Sep-08	160.18	108.2	28.2
8-Sep-08	157.98	105.2	05.2
9-Sep-08	151.68	103.6	13.6
10-Sep-08	151.68	109.18	09.18
11-Sep-08	152.68	100.18	00.18
12-Sep-08	148.98	90.078	7.078
15-Sep-08	140.38	90.148	8.148
16-Sep-08	139.88	80.168	9.168
17-Sep-08	127.88	80.798	9.798
18-Sep-08	134.08	80.748	8.748
19-Sep-08	140.98	90.808	6.808
22-Sep-08	131.0	100.28	10.28
23-Sep-08	126.8	104.08	04.08
24-Sep-08	128.7	90.958	7.958
25-Sep-08	131.9	101.88	01.88
26-Sep-08	128.2	90.408	7.408
29-Sep-08	105.2	90.448	8.448
30-Sep-08	113.6	90.498	1.498
1-Oct-08	109.18	90.878	6.878
2-Oct-08	100.18	90.23	8.23
3-Oct-08	97.078	90.38	6.38
6-Oct-08	98.148	90.09	2.09
7-Oct-08	89.168	90.91	9.91
8-Oct-08	89.798	104.5	04.5
9-Oct-08	88.748	101.08	11.08
10-Oct-08	96.808	107.58	07.58
13-Oct-08	110.28	106.98	06.98
14-Oct-08	104.08	100.98	10.98
15-Oct-08	97.958	103.38	03.38
16-Oct-08	101.88	90.108	9.108
17-Oct-08	97.408	90.248	8.248
20-Oct-08	98.448	90.888	5.888
21-Oct-08	91.498	90.778	4.778
22-Oct-08	96.878	90.128	0.128
23-Oct-08	98.23	90.448	6.448
24-Oct-08	96.38	90.248	0.248
27-Oct-08	92.09	80.148	8.148
28-Oct-08	99.91	80.918	9.918
29-Oct-08	104.5	80.298	6.298
30-Oct-08	111.08	80.49	0.49
31-Oct-08	107.58	80.58	2.58
3-Nov-08	106.98	90.95	2.95
4-Nov-08	110.98	90.80	0.80
5-Nov-08	103.38	90.00	5.00
6-Nov-08	99.108	90.00	5.00
7-Nov-08	98.248	90.67	2.67
10-Nov-08	95.888	80.938	8.938
11-Nov-08	94.778	90.478	2.478
12-Nov-08	90.128	90.908	5.908
13-Nov-08	96.448	90.418	1.418
14-Nov-08	90.248	90.008	4.008
17-Nov-08	88.148	90.728	9.728
18-Nov-08	89.918	100.08	00.08
19-Nov-08	86.298	90.218	8.218
20-Nov-08	80.49	90.008	5.008
21-Nov-08	82.58	90.278	8.278
24-Nov-08	92.95	90.758	4.758
25-Nov-08	90.80	90.438	5.438
26-Nov-08	95.00	80.168	9.168
27-Nov-08	95.00	80.438	9.438
28-Nov-08	92.67	90.008	0.008
1-Dec-08	88.938	80.748	5.748
2-Dec-08	92.478	80.38	6.38
3-Dec-08	95.908	80.04	5.04
4-Dec-08	91.418	80.04	5.04
5-Dec-08	94.008	80.81	5.81
8-Dec-08	99.728	80.61	6.61
9-Dec-08	100.08	80.29	6.29
10-Dec-08	98.218	80.35	5.35
11-Dec-08	95.008	80.359	5.359
12-Dec-08	98.278	90.759	0.759
15-Dec-08	94.758	90.589	4.589
16-Dec-08	95.438	90.029	3.029
17-Dec-08	89.168	90.019	1.019
18-Dec-08	89.438	90.709	2.709
19-Dec-08	90.008	90.589	0.589
22-Dec-08	85.748	80.669	8.669
23-Dec-08	86.38	80.719	7.719
24-Dec-08	85.04	80.339	5.339
25-Dec-08	85.04	80.389	3.389
26-Dec-08	85.81	80.339	2.339
29-Dec-08	86.61	70.209	8.209
30-Dec-08	86.29	80.839	2.839
31-Dec-08	85.35	80.36	8.36
1-Jan-09	85.359	80.36	8.36
2-Jan-09	90.759	80.64	9.64
5-Jan-09	94.589	90.73	0.73
6-Jan-09	93.029	90.20	4.20
7-Jan-09	91.019	90.00	3.00
8-Jan-09	92.709	90.139	0.139
9-Jan-09	90.589	90.519	1.519
12-Jan-09	88.669	90.989	2.989
13-Jan-09	87.719	90.559	3.559
14-Jan-09	85.339	90.469	6.469
15-Jan-09	83.389	90.729	9.729
16-Jan-09	82.339	102.59	02.59
20-Jan-09	78.209	90.839	7.839
21-Jan-09	82.839	90.829	6.829
22-Jan-09	88.36	90.279	9.279
23-Jan-09	88.36	90.169	9.169
26-Jan-09	89.64	90.539	4.539
27-Jan-09	90.73	90.379	4.379
28-Jan-09	94.20	90.64	0.64
29-Jan-09	93.00	90.20	1.20
30-Jan-09	90.139	80.95	6.95
2-Feb-09	91.519	90.25	0.25
3-Feb-09	92.989	90.16	1.16
4-Feb-09	93.559	80.19	9.19
5-Feb-09	96.469	80.319	9.319
6-Feb-09	99.729	80.949	7.949
9-Feb-09	102.59	80.379	8.379
10-Feb-09	97.839	90.179	1.179
11-Feb-09	96.829	80.849	8.849
12-Feb-09	99.279	80.309	5.309
13-Feb-09	99.169	80.119	3.119
17-Feb-09	94.539	80.639	8.639
18-Feb-09	94.379	90.689	2.689
19-Feb-09	90.64	90.359	6.359
20-Feb-09	91.20	90.939	5.939
23-Feb-09	86.95	90.429	5.429
24-Feb-09	90.25	90.669	9.669
25-Feb-09	91.16	101.59	01.59
26-Feb-09	89.19	101.69	01.69
27-Feb-09	89.319	101.59	01.59
2-Mar-09	87.949	107.6	07.6
3-Mar-09	88.379	106.5	06.5
4-Mar-09	91.179	106.4	06.4
5-Mar-09	88.849	109.8	09.8
6-Mar-09	85.309	106.8	06.8
9-Mar-09	83.119	104.4	04.4
10-Mar-09	88.639	105.1	05.1
11-Mar-09	92.689	108.69	08.69
12-Mar-09	96.359	102.79	12.79
13-Mar-09	95.939	105.99	15.99
16-Mar-09	95.429	108.49	18.49
17-Mar-09	99.669	105.09	15.09
18-Mar-09	101.59	106.39	16.39
19-Mar-09	101.69	109.59	19.59
20-Mar-09	101.59	109.59	19.59
23-Mar-09	107.6	100.29	20.29
24-Mar-09	106.5	108.39	18.39
25-Mar-09	106.4	107.69	17.69
26-Mar-09	109.8	101.49	21.49
27-Mar-09	106.8	103.49	23.49
30-Mar-09	104.4	100.59	20.59
31-Mar-09	105.1	101.79	21.79
1-Apr-09	108.69	101.5	21.5
2-Apr-09	112.79	105.4	25.4
3-Apr-09	115.99	103.9	23.9
6-Apr-09	118.49	104.7	24.7
7-Apr-09	115.09	103.9	23.9
8-Apr-09	116.39	105.1	25.1
9-Apr-09	119.59	105.89	25.89
10-Apr-09	119.59	107.29	27.29
13-Apr-09	120.29	102.09	32.09
14-Apr-09	118.39	102.79	32.79
15-Apr-09	117.69	102.59	32.59
16-Apr-09	121.49	109.09	29.09
17-Apr-09	123.49	109.19	29.19
20-Apr-09	120.59	109.59	29.59
21-Apr-09	121.79	104.49	24.49
22-Apr-09	121.5	109.49	19.49
23-Apr-09	125.4	102.99	22.99
24-Apr-09	123.9	102.49	22.49
27-Apr-09	124.7	106.69	26.69
28-Apr-09	123.9	107.49	27.49
29-Apr-09	125.1	105.8	25.8
30-Apr-09	125.89	104.1	24.1
1-May-09	127.29	102.5	22.5
4-May-09	132.09	100.7	30.7
5-May-09	132.79	103.0	33.0
6-May-09	132.59	105.0	35.0
7-May-09	129.09	105.8	35.8
8-May-09	129.19	109.39	39.39
11-May-09	129.59	109.49	39.49
12-May-09	124.49	100.99	40.99
13-May-09	119.49	103.79	43.79
14-May-09	122.99	104.69	44.69
15-May-09	122.49	103.89	43.89
18-May-09	126.69	102.79	42.79
19-May-09	127.49	100.29	40.29
20-May-09	125.8	109.99	39.99
21-May-09	124.1	106.99	36.99
22-May-09	122.5	106.09	36.09
26-May-09	130.7	106.39	36.39
27-May-09	133.0	105.59	35.59
28-May-09	135.0	105.89	35.89
29-May-09	135.8	109.49	39.49
1-Jun-09	139.39	107.3	37.3
2-Jun-09	139.49	104.0	34.0
3-Jun-09	140.99	106.2	36.2
4-Jun-09	143.79	109.8	39.8
5-Jun-09	144.69	102.4	42.4
8-Jun-09	143.89	101.9	41.9
9-Jun-09	142.79	102.4	42.4
10-Jun-09	140.29	102.89	42.89
11-Jun-09	139.99	100.09	40.09
12-Jun-09	136.99	100.09	40.09
15-Jun-09	136.09	108.69	38.69
16-Jun-09	136.39	105.49	35.49
17-Jun-09	135.59	107.29	37.29
18-Jun-09	135.89	106.39	36.39
19-Jun-09	139.49	108.59	38.59
22-Jun-09	137.3	102.39	42.39
23-Jun-09	134.0	102.29	42.29
24-Jun-09	136.2	106.89	46.89
25-Jun-09	139.8	107.59	47.59
26-Jun-09	142.4	101.79	51.79
29-Jun-09	141.9	102.99	52.99
30-Jun-09	142.4	101.59	51.59
1-Jul-09	142.89	106.79	56.79
2-Jul-09	140.09	107.8	57.8
3-Jul-09	140.09	109.9	59.9
6-Jul-09	138.69	100.1	60.1
7-Jul-09	135.49	100.0	60.0
8-Jul-09	137.29	100.0	60.0
9-Jul-09	136.39	102.79	62.79
10-Jul-09	138.59	103.39	63.39
13-Jul-09	142.39	106.49	66.49
14-Jul-09	142.29	105.59	65.59
15-Jul-09	146.89	105.19	65.19
16-Jul-09	147.59	103.99	63.99
17-Jul-09	151.79	105.59	65.59
20-Jul-09	152.99	104.79	64.79
21-Jul-09	151.59	105.39	65.39
22-Jul-09	156.79	108.49	68.49
23-Jul-09	157.8	106.79	66.79
24-Jul-09	159.9	109.59	59.59
27-Jul-09	160.1	104.09	64.09
28-Jul-09	160.0	104.69	64.69
29-Jul-09	160.0	106.39	66.39
30-Jul-09	162.79	109.2	69.2
31-Jul-09	163.39	109.0	69.0
3-Aug-09	166.49	109.4	69.4
4-Aug-09	165.59	107.4	67.4
5-Aug-09	165.19	109.4	69.4
6-Aug-09	163.99	100.0	70.0
7-Aug-09	165.59	108.29	68.29
10-Aug-09	164.79	105.39	65.39
12-Aug-09	165.39	105.19	65.19
13-Aug-09	168.49	106.59	66.59
14-Aug-09	166.79	100.39	70.39
17-Aug-09	159.59	102.99	72.99
18-Aug-09	164.09	101.19	71.19
19-Aug-09	164.69	102.59	72.59
20-Aug-09	166.39	102.19	72.19
21-Aug-09	169.2	103.79	73.79
24-Aug-09	169.0	105.19	75.19
25-Aug-09	169.4	101.89	81.89
26-Aug-09	167.4	104.59	84.59
27-Aug-09	169.4	105.09	85.09
28-Aug-09	170.0	104.09	84.09
31-Aug-09	168.29	104.4	84.4
1-Sep-09	165.39	105.5	85.5
2-Sep-09	165.19	103.8	83.8
3-Sep-09	166.59	102.3	82.3
4-Sep-09	170.39	106.1	86.1
8-Sep-09	172.99	105.3	85.3
9-Sep-09	171.19	105.3	85.3
10-Sep-09	172.59	100.89	80.89
11-Sep-09	172.19	104.99	84.99
14-Sep-09	173.79	106.09	86.09
15-Sep-09	175.19	100.09	90.09
16-Sep-09	181.89	100.29	90.29
17-Sep-09	184.59	109.29	89.29
18-Sep-09	185.09	100.49	90.49
21-Sep-09	184.09	100.89	90.89
22-Sep-09	184.4	100.09	90.09
23-Sep-09	185.5	101.29	91.29
24-Sep-09	183.8	100.59	90.59
25-Sep-09	182.3	108.09	88.09
28-Sep-09	186.1	109.89	89.89
29-Sep-09	185.3	108.79	98.79
30-Sep-09	185.3	204.99	04.99
1-Oct-09	180.89	205.2	05.2
2-Oct-09	184.99	203.9	03.9
5-Oct-09	186.09	202.4	02.4
6-Oct-09	190.09	107.3	97.3
7-Oct-09	190.29	102.4	92.4
8-Oct-09	189.29	106.3	96.3
9-Oct-09	190.49	108.59	88.59
12-Oct-09	190.89	109.39	89.39
13-Oct-09	190.09	108.79	88.79
14-Oct-09	191.29	100.89	90.89
15-Oct-09	190.59	104.09	94.09
16-Oct-09	188.09	104.39	94.39
19-Oct-09	189.89	201.49	01.49
20-Oct-09	198.79	202.99	02.99
21-Oct-09	204.99	203.29	03.29
22-Oct-09	205.2	201.99	01.99
23-Oct-09	203.9	204.49	04.49
26-Oct-09	202.4	206.69	06.69
27-Oct-09	197.3	207.09	07.09
28-Oct-09	192.4	205.99	05.99
29-Oct-09	196.3	200.59	00.59
30-Oct-09	188.59	109.9	99.9
2-Nov-09	189.39	205.8	05.8
3-Nov-09	188.79	204.4	04.4
4-Nov-09	190.89	204.1	04.1
5-Nov-09	194.09	204.1	04.1
6-Nov-09	194.39	200.5	00.5
9-Nov-09	201.49	109.9	99.9
10-Nov-09	202.99	106.99	96.99
11-Nov-09	203.29	106.29	96.29
12-Nov-09	201.99	106.49	96.49
13-Nov-09	204.49	103.39	93.39
16-Nov-09	206.69	108.99	88.99
17-Nov-09	207.09	109.89	89.89
18-Nov-09	205.99	107.89	97.89
19-Nov-09	200.59	106.49	96.49
20-Nov-09	199.9	104.69	94.69
23-Nov-09	205.8	106.99	96.99
24-Nov-09	204.4	104.19	94.19
25-Nov-09	204.1	105.09	95.09
26-Nov-09	204.1	101.89	91.89
27-Nov-09	200.5	105.49	95.49
30-Nov-09	199.9	108.29	98.29
1-Dec-09	196.99	200.39	00.39
2-Dec-09	196.29	202.1	02.1
3-Dec-09	196.49	209.0	09.0
4-Dec-09	193.39	209.0	09.0
7-Dec-09	188.99	201.6	11.6
8-Dec-09	189.89	209.1	09.1
9-Dec-09	197.89	201.6	11.6
10-Dec-09	196.49	200.70	10.70
11-Dec-09	194.69	200.70	10.70
14-Dec-09	196.99	204.00	14.00
15-Dec-09	194.19	204.30	14.30
16-Dec-09	195.09	200.90	10.90
17-Dec-09	191.89	200.50	10.50
18-Dec-09	195.49	201.90	11.90
21-Dec-09	198.29	200.10	10.10
22-Dec-09	200.39	207.70	07.70
23-Dec-09	202.1	200.60	10.60
24-Dec-09	209.0	209.40	09.40
25-Dec-09	209.0	205.90	05.90
28-Dec-09	211.6	205.90	05.90
29-Dec-09	209.1	205.00	15.00
30-Dec-09	211.6	201.70	11.70
31-Dec-09	210.70	208.0	08.0
1-Jan-10	210.70	107.7	97.7
4-Jan-10	214.00	203.0	03.0
5-Jan-10	214.30	205.9	05.9
6-Jan-10	210.90	207.8	07.8
7-Jan-10	210.50	109.2	99.2
8-Jan-10	211.90	102.0	92.0
11-Jan-10	210.10	104.70	94.70
12-Jan-10	207.70	105.80	95.80
13-Jan-10	210.60	109.20	99.20
14-Jan-10	209.40	102.00	92.00
15-Jan-10	205.90	105.40	95.40
18-Jan-10	205.90	104.10	94.10
19-Jan-10	215.00	106.10	96.10
20-Jan-10	211.70	105.10	95.10
21-Jan-10	208.0	108.60	98.60
22-Jan-10	197.7	200.30	00.30
25-Jan-10	203.0	200.30	00.30
26-Jan-10	205.9	203.40	03.40
27-Jan-10	207.8	202.50	02.50
28-Jan-10	199.2	202.9	02.9
29-Jan-10	192.0	201.6	01.6
1-Feb-10	194.70	200.4	00.4
2-Feb-10	195.80	107.0	97.0
3-Feb-10	199.20	200.6	00.6
4-Feb-10	192.00	202.0	02.0
5-Feb-10	195.40	204.6	04.6
8-Feb-10	194.10	208.90	08.90
9-Feb-10	196.10	208.80	08.80
10-Feb-10	195.10	209.30	09.30
11-Feb-10	198.60	200.70	10.70
12-Feb-10	200.30	208.90	18.90
15-Feb-10	200.30	209.00	19.00
16-Feb-10	203.40	203.00	23.00
17-Feb-10	202.50	204.80	24.80
18-Feb-10	202.9	205.50	25.50
19-Feb-10	201.6	206.60	26.60
22-Feb-10	200.4	203.80	23.80
23-Feb-10	197.0	204.40	24.40
24-Feb-10	200.6	204.10	24.10
25-Feb-10	202.0	204.60	24.60
26-Feb-10	204.6	202.20	22.20
1-Mar-10	208.90	204.70	24.70
2-Mar-10	208.80	208.3	28.3
3-Mar-10	209.30	209.3	29.3
4-Mar-10	210.70	206.6	26.6
5-Mar-10	218.90	200.9	30.9
8-Mar-10	219.00	202.3	32.3
9-Mar-10	223.00	205.8	35.8
10-Mar-10	224.80	205.0	35.0
11-Mar-10	225.50	205.90	35.90
12-Mar-10	226.60	205.90	35.90
15-Mar-10	223.80	208.40	38.40
16-Mar-10	224.40	209.50	39.50
17-Mar-10	224.10	200.60	40.60
18-Mar-10	224.60	209.90	39.90
19-Mar-10	222.20	201.70	41.70
22-Mar-10	224.70	202.20	42.20
23-Mar-10	228.3	202.40	42.40
24-Mar-10	229.3	205.60	45.60
25-Mar-10	226.6	208.90	48.90
26-Mar-10	230.9	207.40	47.40
29-Mar-10	232.3	207.00	47.00
30-Mar-10	235.8	204.50	44.50
31-Mar-10	235.0	209.20	59.20
1-Apr-10	235.90	206.4	66.4
2-Apr-10	235.90	200.8	70.8
5-Apr-10	238.40	209.5	69.5
6-Apr-10	239.50	202.0	62.0
7-Apr-10	240.60	201.6	61.6
8-Apr-10	239.90	208.60	68.60
9-Apr-10	241.70	201.00	61.00
12-Apr-10	242.20	206.30	66.30
13-Apr-10	242.40	208.60	58.60
14-Apr-10	245.60	205.90	55.90
15-Apr-10	248.90	206.20	46.20
16-Apr-10	247.40	205.80	35.80
19-Apr-10	247.00	203.90	53.90
20-Apr-10	244.50	206.50	56.50
21-Apr-10	259.20	202.00	62.00
22-Apr-10	266.4	208.30	58.30
23-Apr-10	270.8	203.80	53.80
26-Apr-10	269.5	204.20	54.20
27-Apr-10	262.0	202.30	52.30
28-Apr-10	261.6	208.30	48.30
29-Apr-10	268.60	207.70	37.70
30-Apr-10	261.00	202.3	42.3
3-May-10	266.30	206.7	46.7
4-May-10	258.60	205.2	45.2
5-May-10	255.90	204.1	44.1
6-May-10	246.20	203.3	53.3
7-May-10	235.80	206.8	56.8
10-May-10	253.90	206.8	56.8
11-May-10	256.50	200.80	60.80
12-May-10	262.00	203.90	63.90
13-May-10	258.30	203.10	63.10
14-May-10	253.80	205.90	55.90
17-May-10	254.20	200.90	50.90
18-May-10	252.30	209.30	49.30
19-May-10	248.30	203.20	43.20
20-May-10	237.70	200.50	50.50
21-May-10	242.3	203.50	53.50
24-May-10	246.7	204.20	54.20
25-May-10	245.2	209.60	59.60
26-May-10	244.1	207.20	67.20
27-May-10	253.3	201.80	71.80
28-May-10	256.8	204.00	74.00
31-May-10	256.8	200.10	70.10
1-Jun-10	260.80	203.8	73.8
2-Jun-10	263.90	200.9	70.9
3-Jun-10	263.10	209.0	69.0
4-Jun-10	255.90	206.7	66.7
7-Jun-10	250.90	208.3	68.3
8-Jun-10	249.30	206.1	56.1
9-Jun-10	243.20	201.5	51.5
10-Jun-10	250.50	208.40	48.40
11-Jun-10	253.50	206.90	46.90
14-Jun-10	254.20	206.90	46.90
15-Jun-10	259.60	208.60	48.60
16-Jun-10	267.20	208.60	58.60
17-Jun-10	271.80	208.00	58.00
18-Jun-10	274.00	209.60	59.60
21-Jun-10	270.10	207.20	57.20
22-Jun-10	273.8	201.80	51.80
23-Jun-10	270.9	202.70	52.70
24-Jun-10	269.0	201.40	51.40
25-Jun-10	266.7	209.90	49.90
28-Jun-10	268.3	205.50	45.50
29-Jun-10	256.1	201.80	51.80
30-Jun-10	251.5	204.20	54.20
1-Jul-10	248.40	209.0	59.0
2-Jul-10	246.90	209.9	59.9
5-Jul-10	246.90	209.2	59.2
6-Jul-10	248.60	204.0	64.0
7-Jul-10	258.60	200.9	60.9
8-Jul-10	258.00	208.1	58.1
9-Jul-10	259.60	207.20	57.20
12-Jul-10	257.20	201.80	61.80
13-Jul-10	251.80	201.90	61.90
14-Jul-10	252.70	202.90	62.90
15-Jul-10	251.40	201.70	61.70
16-Jul-10	249.90	200.00	60.00
19-Jul-10	245.50	201.70	61.70
20-Jul-10	251.80	209.40	59.40
21-Jul-10	254.20	200.10	50.10
22-Jul-10	259.0	201.70	51.70
23-Jul-10	259.9	209.10	49.10
26-Jul-10	259.2	207.60	47.60
27-Jul-10	264.0	201.90	51.90
28-Jul-10	260.9	203.00	53.00
29-Jul-10	258.1	209.80	49.80
30-Jul-10	257.20	209.60	49.60
2-Aug-10	261.80	205.8	45.8
3-Aug-10	261.90	209.9	39.9
4-Aug-10	262.90	202.8	42.8
5-Aug-10	261.70	200.2	40.2
6-Aug-10	260.00	201.6	41.6
9-Aug-10	261.70	202.5	42.5
10-Aug-10	259.40	203.1	43.1
11-Aug-10	250.10	200.30	50.30
12-Aug-10	251.70	202.10	52.10
13-Aug-10	249.10	208.70	58.70
16-Aug-10	247.60	208.70	58.70
17-Aug-10	251.90	207.80	57.80
18-Aug-10	253.00	202.90	62.90
19-Aug-10	249.80	203.00	63.00
20-Aug-10	249.60	203.40	63.40
23-Aug-10	245.8	207.00	67.00
24-Aug-10	239.9	208.00	68.00
25-Aug-10	242.8	200.20	70.20
26-Aug-10	240.2	206.50	76.50
27-Aug-10	241.6	205.30	75.30
30-Aug-10	242.5	203.20	83.20
31-Aug-10	243.1	203.70	83.70
1-Sep-10	250.30	207.7	87.7
2-Sep-10	252.10	208.9	88.9
3-Sep-10	258.70	202.3	92.3
6-Sep-10	258.70	201.1	91.1
7-Sep-10	257.80	206.8	86.8
8-Sep-10	262.90	207.3	87.3
9-Sep-10	263.00	203.70	83.70
10-Sep-10	263.40	202.50	82.50
13-Sep-10	267.00	208.60	78.60
14-Sep-10	268.00	208.90	88.90
15-Sep-10	270.20	209.10	89.10
16-Sep-10	276.50	209.20	89.20
17-Sep-10	275.30	204.00	94.00
20-Sep-10	283.20	205.30	95.30
21-Sep-10	283.70	208.50	98.50
22-Sep-10	287.7	300.10	00.10
23-Sep-10	288.9	302.30	02.30
24-Sep-10	292.3	304.70	14.70
27-Sep-10	291.1	308.00	18.00
28-Sep-10	286.8	309.40	09.40
29-Sep-10	287.3	300.50	10.50
30-Sep-10	283.70	309.5	09.5
1-Oct-10	282.50	307.4	07.4
4-Oct-10	278.60	308.8	08.8
5-Oct-10	288.90	308.0	08.0
6-Oct-10	289.10	307.8	07.8
7-Oct-10	289.20	305.2	05.2
8-Oct-10	294.00	300.9	00.9
11-Oct-10	295.30	304.10	04.10
12-Oct-10	298.50	309.30	09.30
13-Oct-10	300.10	302.80	12.80
14-Oct-10	302.30	308.20	18.20
15-Oct-10	314.70	307.10	17.10
18-Oct-10	318.00	308.60	18.60
19-Oct-10	309.40	306.00	16.00
20-Oct-10	310.50	308.00	18.00
21-Oct-10	309.5	306.60	16.60
22-Oct-10	307.4	308.00	08.00
25-Oct-10	308.8	307.00	07.00
26-Oct-10	308.0	301.50	01.50
27-Oct-10	307.8	300.50	00.50
28-Oct-10	305.2	308.40	08.40
29-Oct-10	300.9	306.7	06.7
1-Nov-10	304.10	303.3	13.3
2-Nov-10	309.30	308.7	08.7
3-Nov-10	312.80	304.8	14.8
4-Nov-10	318.20	305.0	15.0
5-Nov-10	317.10	306.8	16.8
8-Nov-10	318.60	301.1	11.1
9-Nov-10	316.00	306.40	16.40
10-Nov-10	318.00	308.10	18.10
11-Nov-10	316.60	307.40	17.40
12-Nov-10	308.00	300.10	20.10
15-Nov-10	307.00	308.20	18.20
16-Nov-10	301.50	301.00	21.00
17-Nov-10	300.50	309.70	19.70
18-Nov-10	308.40	300.50	20.50
19-Nov-10	306.7	301.60	21.60
22-Nov-10	313.3	300.20	20.20
23-Nov-10	308.7	300.30	20.30
24-Nov-10	314.8	301.20	21.20
26-Nov-10	315.0	300.60	20.60
29-Nov-10	316.8	302.20	22.20
30-Nov-10	311.1	304.20	24.20
1-Dec-10	316.40	305.1	25.1
2-Dec-10	318.10	303.6	23.6
3-Dec-10	317.40	304.6	24.6
6-Dec-10	320.10	305.4	25.4
7-Dec-10	318.20	305.2	25.2
8-Dec-10	321.00	303.61	23.61
9-Dec-10	319.70	302.51	22.51
10-Dec-10	320.50	309.51	29.51
13-Dec-10	321.60	301.21	31.21
14-Dec-10	320.20	304.01	34.01
15-Dec-10	320.30	303.71	33.71
16-Dec-10	321.20	306.11	36.11
17-Dec-10	320.60	302.41	42.41
20-Dec-10	322.20	301.61	41.61
21-Dec-10	324.20	304.41	44.41
22-Dec-10	325.1	305.61	45.61
23-Dec-10	323.6	308.41	48.41
27-Dec-10	324.6	300.61	40.61
28-Dec-10	325.4	308.81	38.81
29-Dec-10	325.2	302.61	32.61
30-Dec-10	323.61	306.7	26.7
31-Dec-10	322.51	307.4	37.4
3-Jan-11	329.51	301.4	41.4
4-Jan-11	331.21	303.8	43.8
5-Jan-11	334.01	303.2	43.2
6-Jan-11	333.71	306.1	36.1
7-Jan-11	336.11	309.3	39.3
10-Jan-11	342.41	305.01	45.01
11-Jan-11	341.61	304.31	44.31
12-Jan-11	344.41	303.41	43.41
13-Jan-11	345.61	306.51	46.51
14-Jan-11	348.41	301.81	51.81
18-Jan-11	340.61	305.21	55.21
19-Jan-11	338.81	308.11	58.11
20-Jan-11	332.61	304.51	54.51
21-Jan-11	326.7	306.81	56.81
24-Jan-11	337.4	309.11	59.11
25-Jan-11	341.4	309.91	59.91
26-Jan-11	343.8	303.11	63.11
27-Jan-11	343.2	308.3	58.3
28-Jan-11	336.1	300.5	50.5
31-Jan-11	339.3	308.6	38.6
1-Feb-11	345.01	302.6	42.6
2-Feb-11	344.31	302.8	42.8
3-Feb-11	343.41	308.1	48.1
4-Feb-11	346.51	303.2	53.2
7-Feb-11	351.81	309.31	49.31
8-Feb-11	355.21	302.11	52.11
9-Feb-11	358.11	309.51	59.51
10-Feb-11	354.51	300.01	60.01
11-Feb-11	356.81	305.31	55.31
14-Feb-11	359.11	305.71	55.71
15-Feb-11	359.91	302.41	52.41
16-Feb-11	363.11	306.61	46.61
17-Feb-11	358.3	301.91	51.91
18-Feb-11	350.5	303.51	53.51
22-Feb-11	338.6	305.41	45.41
23-Feb-11	342.6	300.01	30.01
24-Feb-11	342.8	304.61	34.61
25-Feb-11	348.1	300.61	30.61
28-Feb-11	353.2	309.31	39.31
1-Mar-11	349.31	301.21	41.21
2-Mar-11	352.11	309.1	39.1
3-Mar-11	359.51	304.9	44.9
4-Mar-11	360.01	301.5	51.5
7-Mar-11	355.31	300.4	50.4
8-Mar-11	355.71	300.9	50.9
9-Mar-11	352.41	308.6	48.6
10-Mar-11	346.61	308.51	48.51
11-Mar-11	351.91	304.51	44.51
14-Mar-11	353.51	301.11	41.11
15-Mar-11	345.41	308.81	38.81
16-Mar-11	330.01	308.01	38.01
17-Mar-11	334.61	308.01	38.01
18-Mar-11	330.61	305.01	35.01
21-Mar-11	339.31	300.81	30.81
22-Mar-11	341.21	302.41	32.41
23-Mar-11	339.1	306.11	36.11
24-Mar-11	344.9	302.41	32.41
25-Mar-11	351.5	307.41	27.41
28-Mar-11	350.4	301.81	31.81
29-Mar-11	350.9	307.81	37.81
30-Mar-11	348.6	302.4	42.4
31-Mar-11	348.51	300.7	50.7
1-Apr-11	344.51	303.0	53.0
4-Apr-11	341.11	300.4	50.4
5-Apr-11	338.81	300.1	50.1
6-Apr-11	338.01	306.7	46.7
7-Apr-11	338.01	300.11	50.11
8-Apr-11	335.01	306.21	46.21
11-Apr-11	330.81	308.21	48.21
12-Apr-11	332.41	309.51	49.51
13-Apr-11	336.11	306.71	46.71
14-Apr-11	332.41	306.61	46.61
15-Apr-11	327.41	307.61	47.61
18-Apr-11	331.81	309.41	49.41
19-Apr-11	337.81	307.21	47.21
20-Apr-11	342.4	306.51	46.51
21-Apr-11	350.7	300.51	40.51
25-Apr-11	353.0	303.31	33.31
26-Apr-11	350.4	306.11	36.11
27-Apr-11	350.1	309.81	39.81
28-Apr-11	346.7	300.51	40.51
29-Apr-11	350.11	305.2	35.2
2-May-11	346.21	304.4	34.4
3-May-11	348.21	302.1	32.1
4-May-11	349.51	306.7	36.7
5-May-11	346.71	305.0	35.0
6-May-11	346.61	307.4	37.4
9-May-11	347.61	307.8	47.8
10-May-11	349.41	305.51	45.51
11-May-11	347.21	306.11	46.11
12-May-11	346.51	303.41	43.41
13-May-11	340.51	308.01	38.01
16-May-11	333.31	302.01	32.01
17-May-11	336.11	302.21	32.21
18-May-11	339.81	301.41	31.41
19-May-11	340.51	305.91	25.91
20-May-11	335.2	306.61	26.61
23-May-11	334.4	302.41	32.41
24-May-11	332.1	306.71	26.71
25-May-11	336.7	305.11	25.11
26-May-11	335.0	300.21	20.21
27-May-11	337.4	305.31	15.31
31-May-11	347.8	305.31	25.31
1-Jun-11	345.51	302.6	22.6
2-Jun-11	346.11	301.2	31.2
3-Jun-11	343.41	306.3	26.3
6-Jun-11	338.01	302.0	32.0
7-Jun-11	332.01	305.2	35.2
8-Jun-11	332.21	304.01	34.01
9-Jun-11	331.41	305.61	35.61
10-Jun-11	325.91	303.21	43.21
13-Jun-11	326.61	309.41	49.41
14-Jun-11	332.41	301.71	51.71
15-Jun-11	326.71	307.21	57.21
16-Jun-11	325.11	309.71	59.71
17-Jun-11	320.21	304.01	54.01
20-Jun-11	315.31	303.71	53.71
21-Jun-11	325.31	308.01	58.01
22-Jun-11	322.6	307.71	57.71
23-Jun-11	331.2	304.91	64.91
24-Jun-11	326.3	303.81	73.81
27-Jun-11	332.0	306.81	76.81
28-Jun-11	335.2	306.91	86.91
29-Jun-11	334.01	307.2	87.2
30-Jun-11	335.61	303.3	93.3
1-Jul-11	343.21	308.5	98.5
5-Jul-11	349.41	403.4	03.4
6-Jul-11	351.71	302.5	92.5
7-Jul-11	357.21	301.8	91.8
8-Jul-11	359.71	300.4	90.4
11-Jul-11	354.01	306.71	96.71
12-Jul-11	353.71	308.91	88.91
13-Jul-11	358.01	302.51	92.51
14-Jul-11	357.71	307.31	77.31
15-Jul-11	364.91	303.61	73.61
18-Jul-11	373.81	303.21	53.21
19-Jul-11	376.81	304.01	74.01
20-Jul-11	386.91	303.61	63.61
21-Jul-11	387.2	303.71	73.71
22-Jul-11	393.3	306.91	76.91
25-Jul-11	398.5	303.41	83.41
26-Jul-11	403.4	300.41	80.41
27-Jul-11	392.5	300.41	80.41
28-Jul-11	391.8	306.01	66.01
29-Jul-11	390.4	306.01	56.01
1-Aug-11	396.71	306.41	56.41
2-Aug-11	388.91	303.6	73.6
3-Aug-11	392.51	306.1	76.1
4-Aug-11	377.31	303.7	73.7
5-Aug-11	373.61	303.5	83.5
8-Aug-11	353.21	309.9	89.9
9-Aug-11	374.01	309.9	89.9
10-Aug-11	363.61	304.81	84.81
11-Aug-11	373.71	301.01	81.01
12-Aug-11	376.91	304.01	74.01
15-Aug-11	383.41	309.71	79.71
16-Aug-11	380.41	303.91	83.91
17-Aug-11	380.41	304.11	84.11
18-Aug-11	366.01	307.41	77.41
19-Aug-11	356.01	309.91	79.91
22-Aug-11	356.41	304.61	84.61
23-Aug-11	373.6	309.31	89.31
24-Aug-11	376.1	302.91	92.91
25-Aug-11	373.7	400.51	00.51
26-Aug-11	383.5	401.61	11.61
29-Aug-11	389.9	403.41	13.41
30-Aug-11	389.9	402.11	12.11
31-Aug-11	384.81	401.8	01.8
1-Sep-11	381.01	404.3	04.3
2-Sep-11	374.01	403.1	03.1
6-Sep-11	379.71	309.2	99.2
7-Sep-11	383.91	307.0	97.0
8-Sep-11	384.11	300.51	90.51
9-Sep-11	377.41	301.31	81.31
12-Sep-11	379.91	304.61	74.61
13-Sep-11	384.61	302.51	72.51
14-Sep-11	389.31	308.21	78.21
15-Sep-11	392.91	307.31	77.31
16-Sep-11	400.51	309.81	69.81
19-Sep-11	411.61	308.81	88.81
20-Sep-11	413.41	400.21	00.21
21-Sep-11	412.11	402.11	02.11
22-Sep-11	401.8	408.41	08.41
23-Sep-11	404.3	402.01	22.01
26-Sep-11	403.1	409.91	19.91
27-Sep-11	399.2	402.21	22.21
28-Sep-11	397.0	308.61	98.61
29-Sep-11	390.51	305.31	95.31
30-Sep-11	381.31	302.8	92.8
3-Oct-11	374.61	405.7	05.7
4-Oct-11	372.51	307.7	97.7
5-Oct-11	378.21	400.6	00.6
6-Oct-11	377.31	404.6	04.6
7-Oct-11	369.81	404.9	04.9
10-Oct-11	388.81	404.7	04.7
11-Oct-11	400.21	306.51	96.51
12-Oct-11	402.11	307.41	97.41
13-Oct-11	408.41	403.01	03.01
14-Oct-11	422.01	400.21	00.21
17-Oct-11	419.91	309.71	99.71
18-Oct-11	422.21	406.21	06.21
19-Oct-11	398.61	305.21	95.21
20-Oct-11	395.31	305.21	85.21
21-Oct-11	392.8	304.61	84.61
24-Oct-11	405.7	309.21	79.21
25-Oct-11	397.7	308.81	88.81
26-Oct-11	400.6	304.71	84.71
27-Oct-11	404.6	307.41	77.41
28-Oct-11	404.9	304.91	74.91
31-Oct-11	404.7	309.0	69.0
1-Nov-11	396.51	306.5	76.5
2-Nov-11	397.41	306.9	66.9
3-Nov-11	403.01	303.5	63.5
4-Nov-11	400.21	306.1	76.1
7-Nov-11	399.71	303.2	73.2
8-Nov-11	406.21	302.2	82.2
9-Nov-11	395.21	307.91	87.91
10-Nov-11	385.21	309.71	89.71
11-Nov-11	384.61	303.01	93.01
14-Nov-11	379.21	300.91	90.91
15-Nov-11	388.81	309.01	89.01
16-Nov-11	384.71	300.61	90.61
17-Nov-11	377.41	303.61	93.61
18-Nov-11	374.91	301.81	91.81
21-Nov-11	369.0	308.81	88.81
22-Nov-11	376.5	300.11	80.11
23-Nov-11	366.9	308.91	78.91
25-Nov-11	363.5	301.01	81.01
28-Nov-11	376.1	302.21	82.21
29-Nov-11	373.2	305.91	95.91
30-Nov-11	382.2	306.4	96.4
1-Dec-11	387.91	308.5	98.5
2-Dec-11	389.71	403.4	03.4
5-Dec-11	393.01	406.5	06.5
6-Dec-11	390.91	402.6	02.6
7-Dec-11	389.01	405.12	05.12
8-Dec-11	390.61	405.02	05.02
9-Dec-11	393.61	401.22	11.22
12-Dec-11	391.81	403.42	13.42
13-Dec-11	388.81	408.02	18.02
14-Dec-11	380.11	402.42	22.42
15-Dec-11	378.91	401.72	21.72
16-Dec-11	381.01	403.22	23.22
19-Dec-11	382.21	402.52	22.52
20-Dec-11	395.91	401.32	21.32
21-Dec-11	396.4	409.82	19.82
22-Dec-11	398.5	404.72	24.72
23-Dec-11	403.4	409.12	29.12
27-Dec-11	406.5	407.72	27.72
28-Dec-11	402.6	400.32	20.32
29-Dec-11	405.12	407.4	27.4
30-Dec-11	405.02	400.4	20.4
3-Jan-12	411.22	406.6	46.6
4-Jan-12	413.42	404.6	44.6
5-Jan-12	418.02	407.2	47.2
6-Jan-12	422.42	403.0	53.0
9-Jan-12	421.72	406.4	56.4
10-Jan-12	423.22	406.12	56.12
11-Jan-12	422.52	405.12	55.12
12-Jan-12	421.32	409.62	59.62
13-Jan-12	419.82	403.92	63.92
17-Jan-12	424.72	408.82	68.82
18-Jan-12	429.12	406.62	76.62
19-Jan-12	427.72	403.12	93.12
20-Jan-12	420.32	403.42	93.42
23-Jan-12	427.4	502.62	02.62
24-Jan-12	420.4	509.42	09.42
25-Jan-12	446.6	407.62	97.62
26-Jan-12	444.6	502.22	02.22
27-Jan-12	447.2	502.12	02.12
30-Jan-12	453.0	504.8	14.8
31-Jan-12	456.4	503.0	13.0
1-Feb-12	456.12	506.3	16.3
2-Feb-12	455.12	502.4	22.4
3-Feb-12	459.62	505.7	25.7
6-Feb-12	463.92	505.4	35.4
7-Feb-12	468.82	502.4	42.4
8-Feb-12	476.62	504.42	44.42
9-Feb-12	493.12	505.12	45.12
10-Feb-12	493.42	503.12	33.12
13-Feb-12	502.62	500.22	30.22
14-Feb-12	509.42	500.62	30.62
15-Feb-12	497.62	501.92	41.92
16-Feb-12	502.22	505.12	45.12
17-Feb-12	502.12	502.02	52.02
21-Feb-12	514.8	508.12	68.12
22-Feb-12	513.0	509.52	89.52
23-Feb-12	516.3	505.52	85.52
24-Feb-12	522.4	505.52	85.52
27-Feb-12	525.7	601.12	01.12
28-Feb-12	535.4	605.92	05.92
29-Feb-12	542.4	602.52	02.52
1-Mar-12	544.42	509.3	99.3
2-Mar-12	545.12	506.0	96.0
5-Mar-12	533.12	606.9	06.9
6-Mar-12	530.22	604.4	14.4
7-Mar-12	530.62	607.6	17.6
8-Mar-12	541.92	609.82	09.82
9-Mar-12	545.12	509.52	99.52
12-Mar-12	552.02	608.62	18.62
13-Mar-12	568.12	609.32	29.32
14-Mar-12	589.52	604.32	24.32
15-Mar-12	585.52	603.62	33.62
16-Mar-12	585.52	606.22	36.22
19-Mar-12	601.12	608.42	28.42
20-Mar-12	605.92	606.22	26.22
21-Mar-12	602.52	602.72	22.72
22-Mar-12	599.3	605.22	05.22
23-Mar-12	596.0	500.12	80.12
26-Mar-12	606.9	609.72	09.72
27-Mar-12	614.4	608.32	08.32
28-Mar-12	617.6	507.42	87.42
29-Mar-12	609.82	502.9	72.9
30-Mar-12	599.52	501.70	71.70
2-Apr-12	618.62	500.28	60.28
3-Apr-12	629.32	600.00	10.00
4-Apr-12	624.32	607.70	07.70
5-Apr-12	633.62	603.00	03.00
9-Apr-12	636.22	503.98	83.98
10-Apr-12	628.42	502.13	82.13
11-Apr-12	626.22	602.72	33.62
12-Apr-12	622.72	605.22	36.22
13-Apr-12	605.22	500.12	28.42
16-Apr-12	580.12	609.72	26.22
17-Apr-12	609.72	608.32	22.72
18-Apr-12	608.32	507.42	05.22
19-Apr-12	587.42	502.9	80.12
20-Apr-12	572.9	501.70	09.72
23-Apr-12	571.70	500.28	08.32
24-Apr-12	560.28	600.00	87.42
25-Apr-12	610.00	607.70	72.9
26-Apr-12	607.70	603.00	71.70
27-Apr-12	603.00	503.98	60.28
30-Apr-12	583.98	502.13	10.00
1-May-12	582.13	503.98	07.70